title,content,date,sentiment,symbol
Apple Reports Strong Q4 Earnings,Apple Inc. reported better-than-expected quarterly earnings, driven by strong iPhone sales and services revenue growth. The company saw strong performance across all product categories, particularly in iPhone sales and services revenue. CEO Tim Cook attributed the success to the company's continued innovation and strong customer loyalty.,2024-01-15T10:30:00Z,positive,AAPL
Tesla Faces Production Challenges,Tesla encounters manufacturing delays at its Gigafactory Berlin facility, affecting European deliveries. The company cited supply chain issues and regulatory approvals as contributing factors. Despite these challenges, Tesla maintains its full-year delivery guidance of 1.8 million vehicles globally.,2024-01-14T15:45:00Z,negative,TSLA
Microsoft Azure Growth Accelerates,Microsoft's cloud computing division shows robust growth, with Azure revenue increasing 35% year-over-year. The company's Intelligent Cloud segment, which includes Azure, generated $24.3 billion in revenue. CEO Satya Nadella highlighted the company's focus on AI integration across its cloud services as a key growth driver.,2024-01-13T09:15:00Z,positive,MSFT
Google Announces AI Integration Plans,Alphabet reveals ambitious plans to integrate artificial intelligence across its product ecosystem, including Search, YouTube, and Cloud services. The company plans to invest heavily in AI research and development, with CEO Sundar Pichai stating that AI will be "the most important technology of our time.",2024-01-12T14:20:00Z,positive,GOOGL
Apple Stock Reaches New High,Apple's stock price reached a new all-time high following the release of their latest iPhone model. The company's strong performance in the smartphone market continues to drive investor confidence.,2024-01-11T16:45:00Z,positive,AAPL
Tesla Announces New Gigafactory,Tesla announced plans to build a new Gigafactory in Texas, which will significantly increase production capacity. The new facility is expected to create thousands of jobs and boost local economic growth.,2024-01-10T11:20:00Z,positive,TSLA
Microsoft Teams Usage Surges,Microsoft Teams usage has surged by 40% this quarter, driven by increased remote work adoption. The company's collaboration tools continue to gain market share in the enterprise segment.,2024-01-09T13:30:00Z,positive,MSFT
Google Faces Regulatory Challenges,Google is facing increased regulatory scrutiny from multiple countries regarding its market dominance. The company is working to address concerns while maintaining its competitive position.,2024-01-08T09:15:00Z,negative,GOOGL
Apple Services Revenue Grows,Apple's services revenue continues to grow at a strong pace, with the App Store, Apple Music, and iCloud services driving significant growth. The company's ecosystem approach is paying dividends.,2024-01-07T14:20:00Z,positive,AAPL
Tesla Delivery Numbers Exceed Expectations,Tesla's quarterly delivery numbers exceeded analyst expectations, with strong performance across all vehicle models. The company's production efficiency improvements are showing positive results.,2024-01-06T10:45:00Z,positive,TSLA
